model,effect,pillai value,F Value,Num DF,Den DF,partial_eta_sq,p,p_adj,sig,p_adj_report
3,Intercept,0.979936972952415,2363.997684816257,5.0,242.0,0.979936972952415,3.8380697391561136e-203,3.4542627652405023e-202,significant,< .001 ***
3,group_effect,0.021711958478442386,1.074181371697218,5.0,242.0,0.02171195847844239,0.37524597842531726,1.0,/,1.000 
3,age_c,0.18433957932585635,10.938419240690116,5.0,242.0,0.18433957932585635,1.6661013494037544e-09,1.499491214463379e-08,significant,< .001 ***
3,education_c,0.07244839556889879,3.780385186962571,5.0,242.0,0.07244839556889877,0.002579879173001582,0.023218912557014238,significant,.023 *
3,gender_c,0.011654456848845992,0.5707272273274959,5.0,242.0,0.011654456848845996,0.7224105739865347,1.0,/,1.000 
3,Q19_c,0.07256741445801405,3.787081578242515,5.0,242.0,0.07256741445801405,0.0025457250555929907,0.022911525500336916,significant,.023 *
3,ati_c,0.08767401532535912,4.651212848289853,5.0,242.0,0.08767401532535911,0.0004508000119612045,0.00405720010765084,significant,.004 **
3,hcsds_c_c,0.06533675260898383,3.38335634262066,5.0,242.0,0.06533675260898382,0.005664813809933685,0.050983324289403165,/,.051 
3,hcsds_v_c,0.033401137395910774,1.6724777076674808,5.0,242.0,0.033401137395910774,0.1418765976457358,1.0,/,1.000 
