{
    "eta_sq_obs": 0.019842670382729508,
    "ci_lower": 0,
    "ci_upper": 0.04379345736990853,
    "eq_margin": 0.04928397164118886
}